Product,Store,RMSE,MAPE,Model Runtime,Model,Epochs
8011001,1096,22.888119888473614,21.437771890637556,170.54411792755127,LSTM-v1,50
8011001,2177,11.580263898137366,30.10569583801996,161.14224100112915,LSTM-v1,50
8011001,2189,5.608863443181552,12.8812307104431,166.38683700561523,LSTM-v1,50
8011001,3328,2.8955742757368577,22.529985223497665,128.1395149230957,LSTM-v1,50
8011001,3349,3.4138683594613153,26.514368738446915,153.04420518875122,LSTM-v1,50
8011001,3889,11.859323159980296,16.98385068595832,170.50416898727417,LSTM-v1,50
8011001,4388,3.7359594611899314,28.55978592649683,126.01390838623048,LSTM-v1,50
8011001,4816,3.698183038350261,81.87990842866955,147.62903022766113,LSTM-v1,50
8011001,5136,3.637833951034995,36.039550645010806,164.31354427337646,LSTM-v1,50
